url,Phishing
http://Benign875Benign8.com/,Yes
http://Malicious3.75.43.83/,Yes
http://Malicious84.7Malicious.Malicious9Benign.2Benign6:8Benign8/Malicious/www.bn.com.pe/,Yes
http://34.Malicious99.8.Malicious44/,Yes
http://34.228.2.Malicious36/Malicious.php,Yes
http://3iview.com/techno.php?q=legal-information...,Yes
http://6MaliciousMalicious2-webtechpro.xyz/german-micro,Yes
http://67.2MaliciousBenign.Malicious22.222/~deen/file%2Benign/hs/Validation/login.php...,Yes
http://82.Malicious65.229.Malicious38/,Yes
http://85.2Malicious4.Malicious2Malicious.62/,Yes
http://aabawaria.pl/docx/drop/newshared/files/rename/file/index.php...,Yes
http://aardvarkresearchgroup.com/free-dd2Malicious4/,Yes
http://abgsites.com.br/clientes/ale/empresa.php.htm...,Yes
http://account.signinupdate.support/webapps/38Maliciousb9/...,Yes
http://aciadonotebook.com.br/contato/,Yes
http://action-loginlink.action.scoran.com/WhatsApp/index.php...,Yes
http://adm692.at.ua/reconfirm_now.html,Yes
http://agroeconom.kz/api/getn.php?id=amJsb29kc3dvcnRoQGljc25ld3lvcmsuY...,Yes
http://alex-logistic.com.ua/amc/docusignOffice2BenignMalicious7/docusignOffice2BenignMalicious7/...,Yes
http://alilaanji.cn/ink/ServiceL=ogin%253fservice=mail&passive=tru...,Yes
http://alkatheebinteriors.com/info/sites/,Yes
http://alphagraphics.com.sa/graphics,Yes
http://amazingdealfx.com/Power/Win/,Yes
http://amiba.ma/administrator/help/en-GB/css/impot/f5dcMalicious6Malicious47fbeaa345dc...,Yes
http://ammanchamber.com.ng/ACC6/adbb/ad/,Yes
http://ana-fashion.com/admin/css/s.p/jkh.html,Yes
http://andahohoMalicious5.mystagingwebsite.com/wp-content/plugins/deeid/deeid/...,Yes
http://anetteportfolio.com/wp-includes/pomo,Yes
http://anime-srbija.ucoz.com/publ/anime_Malicious/btooom/btooom_epizoda_8/Malicious92-...,Yes
http://aquariumfishadvisor.com/wp-includes/js,Yes
http://arsactextil.com/it/cgi-bin/webscrcmd-_login-submit.dispatch=aHR...,Yes
http://artesaniamantasdelana.com/js/infortis/jquery/plugins/mcolorpick...,Yes
http://arvindndesign.com/eventsss/T/YMalicious.html,Yes
http://assurezMalicious.beget.tech/ameli/contact/moncompte/logo/secure/8aBenign397e...,Yes
http://atnmusic.tv/css/,Yes
http://attorneycreditcardservices.com/file.php?document=bWlrZS5wYXRBenignZX...,Yes
http://auctionstealth.com/wp-login.php,Yes
http://audumbarfarms.com/wp-includes/Text,Yes
http://automotivepartsuppliers.com/sd/anz.co.nz/app/clg/login.php...,Yes
http://avanteit.com/,Yes
http://awrqpublishing.net/bh/Adobe/,Yes
http://bancobic-pt.com/,Yes
http://banortem.com/palcjsc/,Yes
http://banrimailing.com.br/,Yes
http://baseportal.com/cgi-bin/baseportal.pl?htx=/capitecza/main&lo...,Yes
http://bassanigroup.com/vlkiol/,Yes
http://bayrootmarket.com/dom/edu/indexx.html,Yes
http://bayrootmarket.com/urt/zipp/home/,Yes
http://bcpredirruc.com/prem2/,Yes
http://beyaznehir.com.tr/rice/biz/,Yes
http://bharateshbca.com/wp-content/Portal/Santander.com.br/br/Malicious_acesso...,Yes
http://bhleatherrepairs.com/kia/yah/validate.htm...,Yes
http://bigsports.me/watch/3/hsbc-sevens-world-series-dubai.html...,Yes
http://bist.ac.bd/cgi/index.html,Yes
http://bit.do/AppSantaFree2BenignMalicious7,Yes
http://bit.do/dwz4h,Yes
http://bitly.com/2kfUV9Q,Yes
http://bitly.com/santa-acesso,Yes
http://blackhogriflecompany.com/cashie/pend/cp-session/webmail-message...,Yes
http://blog.crowdfundingplace.co.uk/wp-includes/js/vestecol/Benignaf253acMaliciousb...,Yes
http://blog.crowdfundingplace.co.uk/wp-includes/js/vestecol/5cebMalicious6BenignBenignf5...,Yes
http://boatntime.com/upload/boatbanner/online/ppl/dir/index.php...,Yes
http://boonwurrung.org.au/wp-includes/js/,Yes
http://botworlddotcom.blogspot.ca/2BenignMalicious5/Benign5/paypal-money-adder-ultimate-...,Yes
http://bristollab.com/app/redirection/rdt.php?track=wkvf5refyruw4yccge...,Yes
http://brooksmadonald.com/,Yes
http://buklet.ru/NEWPAGE/wmsvr.html?spin=89283js&Email=hema_jaikum...,Yes
http://burnhamsuitesbaguio.com/ment/googledrivee/...,Yes
http://calzados32.webcindario.com/app/facebook.com/?key=w2BenignP9efQ7iL49P...,Yes
http://camping.stacja.office.doradigital.pl/wp-content/uploads/standar...,Yes
http://canecasnbc.com.br/js/tiny_mce/,Yes
http://canyinsoft.net:9BenignBenign2/jmx-console/ca_CA/,Yes
http://caribbeanguestservices.com/wp-content/themes/Directory/images/t...,Yes
http://caringplushomecare.com/adamu/oracle/index.html...,Yes
http://carreloadmailer.com/aol.login/index.htm...,Yes
http://carringtonarchitecturaljoiners.com/wp-content/themes/kuma/perso...,Yes
http://casaforsalerealestate.com/fomfix/form/,Yes
http://casaqui.com.br/deco.php,Yes
http://celularaldia.com/wp-content/plugins/drop/...,Yes
http://centraljerseyinjury.com/wellsssfix/wellsss/wellsss/fb96282Malicious72/...,Yes
http://chanceto.com-all.club/en/walmart/?ref=wegotmedia.co&action=view...,Yes
http://chandidasmahavidyalaya.org/bs/2/login.htm...,Yes
http://chase.com.us.x.access.oacnt.com/verification/BEBenign532Malicious6BC63CMC6AA...,Yes
http://checkit.spipino.us/o/4956425,Yes
http://chehiwat-barzizoui.com/2BenignMalicious7/BenignMalicious/blog-post_27.html...,Yes
http://chom.co.th/mergers/cre/dpbox/cf67538e9ad7dcMaliciouseac5e45f3f29c5344/...,Yes
http://chom.co.th/mergers/cre/dpbox/e64Benignfb7245bcb3a725ef657c9a2bBenignf32/...,Yes
http://click-cpa.net/out?zoneId=Malicious466739-Malicious46689Benign...,Yes
http://confext.com/mail/verify.php?cmd=login_submit&id=2f7f5cBenignMalicious7ef...,Yes
http://confraria.net/plugins/plk/,Yes
http://contasinativa.esy.es/d/internet.dosegmento%3dCIDADAO48Malicious47apc/pr...,Yes
http://coroat.org/admin/plx/amaloams/hs/Validation/login.php?https://l...,Yes
http://crazytaste.gr/homepage/,Yes
http://cruzeiro6.temp.swtest.ru/promo/47FbChchqmg9nyW2mMhT6hzSL6QuQ9ch...,Yes
http://cultura.temaseiros.org/3966324645-itazura-na-kiss-the-movie-hig...,Yes
http://customer-center-customer-idppBenignBenignc659.autoshine.ge/Upfate/6aBenignfc97...,Yes
http://cutt.us/tl8bv/,Yes
http://dMaliciouspl8rqultqpm5.cloudfront.net/br/bradesco/m_saude_Malicious7MaliciousMalicious2BenignMalicious4/publ...,Yes
http://dailyapple.org/sm/hbb/hbb/hbb/yinput/id.php?l=_JeHFUq_VJOXKBenignQWH...,Yes
http://danilobd.blogspot.de/p/httpswwwyoutubecom.html...,Yes
http://daotao.sgu.edu.vn/components/com_default/modulo-acesso2BenignMalicious7/...,Yes
http://darelchimal.net/,Yes
http://db.clickexperts.net/mailtrack3/server/redirect.php?user=262Benign999...,Yes
http://dbuiiykayv.saledirecta.su/,Yes
http://department-acces-account.com/facebook-service/Payment-update-Benign....,Yes
http://deshonlineit.com/ooo/all/index.php?username=x...,Yes
http://designartuae.com/wp-content/pokerface.php...,Yes
http://dev.team6t9.com/wp-content/uploads/identity.php...,Yes
http://diqiubaike.com/blog/wp-content/unwillingly.php...,Yes
http://distanakbun.minutkab.go.id/wp-admin/images/olagoodocii/gledrive...,Yes
http://doelger.info/freemobile/624c56Malicious538b7efe5698528Benign93fMalicious5Benignbfb/...,Yes
http://domeleconfort.fr/,Yes
http://domruan.me/bb/#BenignMaliciousBenignBenignMalicious5ds688fdf=sdflksdf6d...,Yes
http://donex-ua.narod.ru/index.htm,Yes
http://dorfaknasb.ir/images/banners/a/https/bankofamerica/secure_ssl/l...,Yes
http://drive.google.com/file/d/BenignB8zJdR9RNu-xMUFYYUdHeHFmcTQ/view?usp=d...,Yes
http://drkenherman.com/5/Benign57db4d98afddf7Maliciousa6dc6dMalicious94e4Malicious3447/...,Yes
http://drukarniauv.pl/wp-sc/moc.htm,Yes
http://ebauonlinestore.com/inv/,Yes
http://ejemplo.acomepesado.net/online/kiwi.co.nz/app/kiwi/details.php...,Yes
http://elseetmofeeda.com/t8553-topic/,Yes
http://emiliedalydesigns.com/wp-content/upgrade/drive...,Yes
http://enslinhomes.com/fmn,Yes
http://enslinhomes.com/fmn/,Yes
http://envios.bpservimed.com/cgi-bin/dada/mail.cgi/s/CIR_2BenignMalicious3/Atije/dt...,Yes
http://envirocloud.solutions/microsofft/document/bmg/others?rand=Malicious3Inb...,Yes
http://errBenignr-pBenignrnhub-cBenignde-5BenignMalicious9.usa.cc/main,Yes
http://espiritovencedor.com.br/system/,Yes
http://esquinaelectricos.com/libraries/vendor/...,Yes
http://estivalert.com//att/yahoo/login_verify2&.src=ym/mail.html...,Yes
http://evani.org/link.php?M=6Benign82&N=8&L=3&F=H...,Yes
http://expressivapresentes.com.br/db/Particuliers.secure.lcl.fr/Credit...,Yes
http://fabiogoleirooficial.com/fresh/BOA/home/info.php?cmd=login_submi...,Yes
http://facebook-home.gq/www/,Yes
http://fairytime.co.za/administrator/templates/d/box/...,Yes
http://fanspage.recovery-accounts.cf/facebook-update-creditMalicious.html...,Yes
http://fateleptura.hu/wp-includes/js/jquery/all/login.html...,Yes
http://fenixmza.com.ar/newdocxb/954Malicious26cecMaliciousMalicious47Benignb23643cfBenignd78c26efBenign/...,Yes
http://fer-maq.com/Scripts,Yes
http://ficodocsign.unidaanuea.com/mydex/,Yes
http://filmvf.cc/orange-saison-Malicious-vostfr-streaming.html/3...,Yes
http://fiscontal.com.br/component/content/article/Malicious36-ministerio-do-tr...,Yes
http://fivewosz.ga/a/script/mail.htm,Yes
http://flowinglove.com/paypal.php,Yes
http://freemobile-particulier.freemoy3.beget.tech/freemobile/ddd348b56...,Yes
http://friendsofcarmeljmj.org/document/home,Yes
http://gargacharyasamaj.com.np/swf/pnc.htm,Yes
http://gcwconsulting.com.cn/js/,Yes
http://gcwconsulting.com.cn/js/,Yes
http://gen-tec.co/gentecwiz/,Yes
http://genus.citius.com/,Yes
http://ghostshockey.it/ghosts_Benign2/media/d.html,Yes
http://gimnMalicious4.lutsk.ua/ftp/disk-olymp/school-olymp/school-olymp-2BenignMaliciousBenign-2...,Yes
http://girda.org.in/wp-content/upgrade/theme-compat/index3.php?email=b...,Yes
http://glnsac.com/hot/hot.htm,Yes
http://gmailonlinesupport.weebly.com/,Yes
http://gojiactives.com.br/ocpa/index.php?AFID=Adriana&SID=mail...,Yes
http://gopex.net/wp-includes,Yes
http://grupoavr.com/asb.co.nz/login.htm,Yes
http://guidetournepal.com/wp-content/themes/pities.php...,Yes
http://hairdesign-ms.ch/wp-includes/SimplePie/...,Yes
http://halifaxphotobooth.ca/the-photo-booth/,Yes
http://harisreedeaddiction.com/webadmin/scss/,Yes
http://hatoelsocorro.com/cg,Yes
http://hatties.co.za/tod/dropboxhtml/be923be7589Benign3a96f8dfBenign443a8Maliciousf5cde/...,Yes
http://hayatna-afdal.com/components/com_content/helpers/samoty...,Yes
http://hello.dollarsfountain.com/,Yes
http://help.duduniu.cn/read.php?tid-8499-page-e.php...,Yes
http://herdadeperdigao.pt/wp-includes/images/MailboxFUD/a9Maliciousa276c4aMaliciousa6e...,Yes
http://hlpdfMalicious63.com/Malicious9Malicious9Malicious/de83822c6c7bacf6799Malicious5f396Maliciousfeed2c/...,Yes
http://hoannguyenxanh.danangexport.com/elfinder/final/Malicious82Benignd86b3d244929...,Yes
http://homes36Benign.com.au/NewLarge235/index.php,Yes
http://hopehelpbd.com/dropbx/drop/Dropbox.html...,Yes
http://hostinvgc.info/index_files/fold/dropbox/...,Yes
http://hourlyemployers.com/walmart,Yes
http://iamelixr.beget.tech/Ameli/PortailAS/appmanager/PortailAS/assure...,Yes
http://iclook.com.cn/index.html,Yes
http://igorfirmansyah.com/wp-includes,Yes
http://indexunited.cosasocultashd.info/app/index.php?lang=en&key=D...,Yes
http://indexunited.cosasocultashd.info/app/index.php?lang=en&key=f...,Yes
http://indian.co.uk/shop/media/sales/store/logo/default/indexMalicious.html...,Yes
http://infantec.com/tag/yahoo/,Yes
http://inflatablekayakdeals.com/themes/loader.htm...,Yes
http://interop3.cryptsoft.com/sslagentshmMalicious-manage-manage-secure/index....,Yes
http://iphoneslocalizados.com/,Yes
http://iterate-uk.com/treboruk.com/alibaba/alibaba/index.php?email=imp...,Yes
http://iwork4gministries.org/wp-includes/ing/view/info/index/all/index...,Yes
http://jamdani.me/wp-conclude/newdropbox,Yes
http://janalexander.com/slim/yahoo/login_verify2&.src=ym/mail.html...,Yes
http://jatservis.co.id/BAK/link/DHL%2BenignAUTO/dhl.php?email=alansari@alji...,Yes
http://jddove.com/868Malicious449Malicious9N2et38bieZh7KzzRhTbr522DNha57y4Gf83864fYays...,Yes
http://jltl.org/gus/home/liamg3.php,Yes
http://joomla-99Malicious4Malicious-28Malicious936.cloudwaysapps.com/BenignBenign7/64v36gmpsBenign/9z7l5xs76i...,Yes
http://julierumahmode.co.id/gate/de27ba2aac9bead638264423Maliciousc46f9ff/veri...,Yes
http://k2ktees.com/js/wabs/html/facturationmobile/mobile.free.fr/mobil...,Yes
http://kbfintl.com/%23$%25*&%5eFGH)(*&%5e%25%5e&(JHRGH/...,Yes
http://kellykarousi.gr/images/index.php,Yes
http://khellbazar.com/sve/Validation/login.php?cmd=login_submit&id...,Yes
http://kidzenter.com/kzblog/?p=Malicious37,Yes
http://kienhuong.com/editors/divisions.php?viewtopic=Malicious6769...,Yes
http://kiranscuisine.com/tp.htm,Yes
http://kmip-interop.com/sslagentshmMalicious-manage-manage-secure/index.php?em...,Yes
http://kostgadingserpongbsd.com/html/rss.php,Yes
http://kundendienst-verifikation.top/,Yes
http://laetibibamus.com/security_update/mailer-daemon.html...,Yes
http://larutamilenariadelatun.com/wp-includes/images/newMalicious63.htm...,Yes
http://lelauzas.fr/wp-login.php?redirect_to=http://lelauzas.fr/wp-admi...,Yes
http://lengendondbeat.com.ng/ok/telia/,Yes
http://link.hgtv.com/click/8764352.Malicious934573/aHRBenigncDovL3d3dy5yZWFsdG9yLmN...,Yes
http://litecon.com.br/novocliente/index.php,Yes
http://llobregatcentre.com/wp-admin/css/colors/ectoplasm/cn3/c9263fa4a...,Yes
http://localpolitechs.com/wp-content/plugins/wp-maintenance-mode/asset...,Yes
http://loginnsignup.com/gmail-sign-up,Yes
http://loginnsignup.com/yahoo-mail-sign-up,Yes
http://lostresantonios.cl/wp-includes/bright/gdoc/index.html...,Yes
http://louiseguay.ca/mastercard.com/de/privatkunden...,Yes
http://ltau-unibanco.j.dnr.kz/https=www.itau.com.br/Digitau-bankline/g...,Yes
http://mabuej.com/mnhbgfds/Ma/,Yes
http://magmaimage.com/stMalicious2/acesso.permitidow/area.clientew/autenticaca...,Yes
http://mailBenignMaliciouszo.beget.tech/Ameli/Assurance/Remboursement/login/info/9a...,Yes
http://manaveeyamnews.com/css/db_en/dbMalicious7/Home,Yes
http://martinblack.com/googledoc/Harsh-tag.houseview/7e998cBenignabc8b34Benign67...,Yes
http://mensuelaccount.com/WhatsApp/b89Malicious258eMaliciousae2357MaliciousBenigncb5957b7d34afd2/...,Yes
http://mfacebooc.club/pl/,Yes
http://mgba.org/wp-content/themes/mgba/flash/,Yes
http://microtelusa.com/mode/signals/opening/docs.html...,Yes
http://mifi-rueda.com/wp-admin/mailer-daemon.html?f.kalmthout@kpnplane...,Yes
http://miniaero.ro/lol/Off/?email=anon.anon@anon.com...,Yes
http://mistralpay.net/udate.profiles/cutomer4/login.php...,Yes
http://mistralpay.net/udate.profiles/cutomer4/login.php?nabIB=QBenignB8ECCMalicious...,Yes
http://mixed-furniture.com/Paypal/PaypalDataService/home/...,Yes
http://mixgroupguide.cn:8Benign8Benign/ts/in.cgi?pepsiMalicious2,Yes
http://mobile-santander-app.esy.es/indexx.php,Yes
http://momsbiztraining.com/._/paXTrMRtidfjpC/,Yes
http://mondoscope.com/voyages/europe/italie.html?pays=39&region=22...,Yes
http://money24seven.com/banking/webbanking.html...,Yes
http://move2online.com/Ldoc/Ldoc/L%2BenignDoc/Malicious/docusingn/index.php...,Yes
http://mucic-arguments.BenignBenignBenignwebhostapp.com/2BenignMalicious7/validate/revalidate.html...,Yes
http://mymusic-coburg.de/wp-includes/Aruba.php...,Yes
http://mywatermoney.jielilau.com/wp-includes/js...,Yes
http://nbcfd.com/wp-includes/pomo/,Yes
http://nepalassociates.com/ggg/eimprovement/index.php...,Yes
http://netflix-update.laluask.com/Signin/Benign5fd59dbMalicious8cd97bBenign55d2fa9eb/...,Yes
http://nethttpnm.com/aol.com/index.htm,Yes
http://newboostbrain.asia/Maliciousa6ac62BenignbMaliciouse8efab/Malicious3/Malicious6Benign6/...,Yes
http://newsletter.wfmg.de/link.php?link=BenignMalicious_Benign3_Benign4_86_MaliciousBenign...,Yes
http://newsvideo99.com/music/deutsche-wochenschau-adolf-hitler-besucht...,Yes
http://norters.com.br/clientes/imagens/3Malicious7/public_html/Maliciousi/Maliciousa.php...,Yes
http://notify-system-error-report.xyz/support/help/online...,Yes
http://nzzhiyou.com/antipodesBenignMalicious5,Yes
http://oakfurniture4sale.co.uk/clearance.html,Yes
http://odontosprotese.com.br/New/folder/,Yes
http://ohomemeamudanca.com.br/edu/docx/,Yes
http://oithair.com/js/flash/login.jsp.htm?id=mcMaliciousidxMaliciousgem--h6bmklv77yujp...,Yes
http://olenelife.com/sessions/paypal/?cmd=_home&dispatch=5885d8BenignaMalicious...,Yes
http://online.paypal.tranzaction.k59j4.htMaliciousbo3kt3Malicious.top/ths/index.htm...,Yes
http://online.wellsfargo.com.g526crs6axx2f5.hf5a.us/w/das/cgi-bin/seco...,Yes
http://osmanfashion.com/wp-admin/maint/,Yes
http://ow.ly/7Wuh3BenignMaliciouse6bMalicious,Yes
http://oxigenia.mx/wp-includes/inc/Login.htm,Yes
http://ozgunturizm.net/images/bg/fio/a9Benignc759afMalicious389Benign6ef5Malicious4Malicious3b8Malicious43e6Benign55/...,Yes
http://p4tre.emv3.com/HS?b=bC6fmnPboKmyryP_jDOUZMsMCZwhUOQlNBenign6snjNiAKBenign...,Yes
http://pacathle.ipower.com/newsstand_archiveBenign8feb.html...,Yes
http://palhavitoria.com.br/free/,Yes
http://palvelinMalicious.omatkotisivut.fi/~mrssanta/wp-includes/js/index/origi...,Yes
http://pamporis.com/media/?https://www.secure.paypal.co.uk/cgi-bin/acc...,Yes
http://parceirosdanet.blogspot.de/,Yes
http://patriotsvsfalcons.us/,Yes
http://paypal-summary-suspecius.blogspot.de/,Yes
http://pedreschiabogados.com/blssed/newgg/,Yes
http://personas.bancoestado.cl.seguridad.email.servicios.html.xn--viae...,Yes
http://phish-education.apwg.org/r/?paypal-inc.com.ax.lt/webapps/83549/...,Yes
http://phishingscripts.com/product/icloud-phishing-page-mobile-respons...,Yes
http://phostertill.com/Malicious989d6f9Benignbcb3Maliciouse8BenignBenign/Malicious562BenignMalicious7/icld/999...,Yes
http://photos.vandreelphotography.com/keyword/Engagement...,Yes
http://picketech.com/doc/PY/s,Yes
http://picketech.com/doc/PY/s/,Yes
http://pincae.com/29A667/FtsG/AthB/BtVQv_8/VJAH7qHRt3fkHUhnOVlvqBenigni3yPs...,Yes
http://plworldwide.com/,Yes
http://portalsaudequantum.com.br/aguarde-cdccn/?contactid=Malicious87773&i...,Yes
http://potegourmet.com.br/itunes.confirm.id/afa9Benignfd7fbMaliciousce248bBenigneccBenign3MaliciousMalicious4...,Yes
http://pro.boutique-artisans-du-monde.com/customer/account/login/...,Yes
http://proactivo.com.mx/payment/adobeCom,Yes
http://proactivo.com.mx/payment/adobeCom/d6b28e36fcMaliciousfaBenignMaliciouse2365d424eccc3...,Yes
http://progressquest.com/subs/,Yes
http://promo.clicnscores-sng.com/pcnssn/lp_cns_questio_fr/?ptn=slowpla...,Yes
http://propertymg.co.za/wp-includes/theme-compat/...,Yes
http://quota-helpdesk.tk,Yes
http://rafinanceira.com.br/site/logs/info,Yes
http://ramie.me/dbfile/dbfile/best/LoginVerification.php...,Yes
http://rccgpavilion.org/components/com_acymailing/controllers/js/fr/fr...,Yes
http://rcstore.eu/Ppl/signin.php?country.x=CZ&locale.x=en_CZ&s...,Yes
http://realalt.com/wp-includes/certificates/,Yes
http://regularizacao-santander.com/br/indexMalicious.php...,Yes
http://reidchurchaugusta.org/docs/ind/,Yes
http://remaxorlando.info/umMalicious/cp/webmail/?userid=ken@montanarealestate....,Yes
http://renenunes.com.br/site/help.php,Yes
http://renovarengenharia.com.br/admin/kcfinder/upload/files/m/auto/new...,Yes
http://resolve-your-account-paypal.com.artcoleadedglass.com/developer/...,Yes
http://restrito.concresul.com/Arquivos/acessoSerasa.html...,Yes
http://ri-agri.com/z/aol/,Yes
http://rilde.com.br/wp-admin/js/dispatch/hans/form/dhl/tracking.php?l=...,Yes
http://rotarytolentino.org/cache/mod_log/,Yes
http://rpviaggi.com/assets/media/RFQ/RFQVTABenign9669BenignBenign.htm...,Yes
http://rr3cxsm.us/Walmart/?2mYJ7pp,Yes
http://ruangmakna.net/gmai.verification.security/Gmail%2BenignAuthenticate/...,Yes
http://sMalicious.symcb.com/pca3-g5.crl,Yes
http://sac-conteudo-cielocadastro.89Benignm.com/cadastro.php...,Yes
http://safety835.hol.es/logMaliciousMalicious.php,Yes
http://saks.co.uk/redirect.php?url=http://alireview.ru/sdfjhsdhfjhehfs...,Yes
http://sanidad-vegetal.com/.jsa/Newinvoices.php?login=abuse@usdoj.gov...,Yes
http://sazanshairsalon.com/natt/ayoMalicious/ayoMalicious/ayoMalicious/...,Yes
http://scuolando.it/plugins/minify/lib/signin.alibaba.com/login.html...,Yes
http://secondhotel.kr/dakingpaid/cmd-login=68db6b9637Benign2a368c839f9c95cBenign...,Yes
http://secondhotel.kr/dakingpaid/cmd-login=8e624428269bMaliciouse296f49Benign85bd6b...,Yes
http://secondhotel.kr/dakingpaid/cmd-login=f38a8ffd852bc79abbMalicious8e8c557b...,Yes
http://secondunitproductions.com/ckeditor_assets/WhatsApp/in=/...,Yes
http://securemangersrerviceheleprs.com/webapps...,Yes
http://seeoda.gr/wp-includes/SimplePie/,Yes
http://sejavip.com/workspace/.git/objects/pack/comfirmhkgame/...,Yes
http://services.helps-myaccountlimiteds.com/signin/...,Yes
http://sh2MaliciousMalicious733.website.pl/telia/b4Malicious8Malicious878cBenign7Benigncbd9db48afa7a46c5233/...,Yes
http://sharonnim.co.il/ONLINE/bl/pdfview/index.html...,Yes
http://shopMalicious8927.vicp.net/all/price_desc_3.html...,Yes
http://sig.com.la/carter/ad/,Yes
http://silver.theappbaysite.com/optout/MaliciousMalicious3,Yes
http://sipline.com.br/Na/ii.php?rand=Malicious3InboxLightaspxn.Malicious7742564Malicious8...,Yes
http://skillee.in/new_skillee/images/BenignMaliciousrro.html...,Yes
http://skyfortune.com/caches/mod_poll/und/id-Malicious5-MaliciousBenign-2BenignMalicious6/7424fa8Benign9a8aBenign4...,Yes
http://smarturl.it/Adobebh,Yes
http://soo.amtcif.info/hfen/iywmllelMalicious6665cbtesenge/aq-qiqbbeeBirMalicioustsrlY...,Yes
http://sparkassenpark.de/galerie-2/andrea-berg-2Malicious-Benign8-2BenignMalicious5...,Yes
http://speedbikesmx.com/assets/,Yes
http://sszybj.com.cn/images/,Yes
http://statewidelighting.com/outlet/editors/htmlarea/PDFS/6sdfg5a6y47a...,Yes
http://stephaniesmith.us/f-coco/Harsh-tag.aagkkjdf/c3Maliciouseaa946be62859873...,Yes
http://stilisciima.com/,Yes
http://sua-atualizacao-seguranca.com/Amex3/,Yes
http://sunderfoods.com/wp-includes/images/media/gmx.htm...,Yes
http://sunnsand.biz/pics/qgrpmkdbnfvcsxeropwkm/secureserver.caconexoes...,Yes
http://survey.brainint.com.br/index.php/survey/index/sid/765573/token/...,Yes
http://tMaliciousp.de/mnc7,Yes
http://talispe.com/,Yes
http://tancoconut.com.my/wp-admin/js/Benign3/?log=Malicious...,Yes
http://taratuta.eu/home/login.php?cmd=login_submit&id=83fbecf5bMalicious44...,Yes
http://tarkanpaphiti.com/wp-content/languages/anmas/54ec87Benign9a835Malicious923fBenign...,Yes
http://taxiartlysalzburg.com/Chelo/b57f6deMaliciousad54edMaliciouscecdeBenignb587b98e92Malicious/lo...,Yes
http://tcttruongson.vn/dropbox/de9bMaliciousbBenignfBenignBenigncMalicious8f7b2f3fa9adc9b44a68/...,Yes
http://techfloppy.xyz/(844)-324-2962/alert,Yes
http://teknasan.mgt.dia.com.tr/review/Auth/auth/aut.php...,Yes
http://telegoo.com/singin/details.customer9/login.php?nabIB=UIHIKNHKBF...,Yes
http://test.3rdwa.com/yr/bookmark/files/bookmark/ii.php?cdazv=...,Yes
http://the-yellows.eu/www.paypal.com/paypal/www.PayPal.com%2BenignFull-Z/ff...,Yes
http://thefoodrecipe.com/wells_go/wells-verification-2BenignMalicious-latest-update...,Yes
http://themanifestation.org/ms/msMaliciousBenign/Microsoft.html...,Yes
http://therapypoints.com/wp-admin/china,Yes
http://thescholarshome.com/wp-includes,Yes
http://thescitechjournal.com/admin/includes/,Yes
http://tinyurl.com/y97tfklq,Yes
http://titulos.atotalatualizacoes.info/,Yes
http://toniksys.com.ng/img/js/wou.php,Yes
http://tousavostapis.ca/old/OG/,Yes
http://trackingMaliciousMalicious.online/computersecuritywarning/...,Yes
http://trailertech.portoforte.com.br/admin22/itau_Benign5/NOVO.ATENDIMENTO....,Yes
http://trailertech.portoforte.com.br/cart/itau_Benign6/NOVO.ATENDIMENTO.CLI...,Yes
http://trailertech.portoforte.com.br/html/itau_Benign9/NOVO.ATENDIMENTO.CLI...,Yes
http://u.to/Jwr-Dw,Yes
http://u.to/f3f_Dw,Yes
http://ubs.yu.ac.kr/bbs/list.html?table=bbs_Malicious,Yes
http://unique.hearvr.com,Yes
http://update-my-account.serverlux.me/,Yes
http://uralgrafit.net/products/Malicious62/.b/signin.html?com/us/home?v=3.Benign&am...,Yes
http://urces.phwww.moneyclipdirect.com/,Yes
http://urlfat.com/4MJ,Yes
http://usaa.com-inet-truememberent-iscaddetour-savings-home.wrmcloud.e...,Yes
http://uset789342589754.id-7859438998.snd784ii.xyz/...,Yes
http://uuthouse.ru/mnt/source/logon.htm,Yes
http://validacaodigital46278Malicious926.cloudhosting.rsaweb.co.za/fqoR2oleP2/...,Yes
http://vehiclesview.com/wp-admin/support.yahoo/ym7-BenignBenign2BenignMalicious23/pass.php...,Yes
http://veoolia.co.uk/cas.html,Yes
http://verificacaodesegurancacliente.com/org/pagina/Malicious-access@primary.p...,Yes
http://vikrammalout.com/images/,Yes
http://vikrammalout.com/images/pg_images/,Yes
http://visapremios.k6.com.br/,Yes
http://vivirconbeneficios.modyo.be,Yes
http://voiceworkproductions.com/screw.php,Yes
http://vonertabox.si/modules/gallery/image/images/thumbs/all/t/filee/i...,Yes
http://vulcancomponents.com/wp-admin/inc/,Yes
http://w3livebr.beget.tech/assurance-maladie/fr-id/PortailAS/appmanage...,Yes
http://walton-homes.co.uk/administrator/components/com_contact/models/...,Yes
http://waterfisio.com.br/2BenignMaliciousMalicious/,Yes
http://web.whatsapp-messenger.security-contact.www.whatsapp-suppertMalicious.i...,Yes
http://webmail.fidnet.com/versions/webmail/Malicious2.9.3-RC/index.php...,Yes
http://welbornwoodworks.com,Yes
http://werkzeug-gedore.de/werkstatteinrichtung/werkzeugwagen/serie-3BenignBenign...,Yes
http://wildcard.uh9p.us/w/das/cgi-bin/secondpage.php?token=dcdb64e9BenignbMalicious...,Yes
http://windmillpointebrewing.com/wp-content/uploads/wysija/themes/abri...,Yes
http://windowtinting.com.fj/Scripts/WebMail/,Yes
http://worldsports24.top/u-s-open-championship-2BenignMalicious7/...,Yes
http://www.2x9bitmax.com/layout/member/assets/css/erra/index/confirmed...,Yes
http://www.4techpf.com/2BenignMalicious5/Benign3/blog-post.html,Yes
http://www.7techlover.com/,Yes
http://www.aardvarkresearchgroup.com/category/dd2Malicious4-member-4-copy/...,Yes
http://www.accounting-education.org/cpa-requirements/california/...,Yes
http://www.ads-info-notify.biz/uss/Payment-update-BenignMalicious.html?fb_source=bo...,Yes
http://www.allinone-mada.mg/mp/oder/xcel.php,Yes
http://www.allservpaypa.it/srvcli.html,Yes
http://www.angelfire.com/funky/cunkymonkey/pics.html...,Yes
http://www.aplicativoMalicious.com.br/fisica/app/avMalicious.php...,Yes
http://www.apsresidentialservices.com/images/login.alibaba.com/...,Yes
http://www.aptra.mx/wp-includes/SimplePie/jj2/jj2/3233ab59e84Benignaba357BenignMalicious...,Yes
http://www.arrefrimaquinas.com.br/wp-includes/js..,Yes
http://www.auctivablog.com/,Yes
http://www.avepronto.com/cgi_bin/file/zipp/bc955836ebda3b9Malicious5ae2cc8Benign4f4...,Yes
http://www.aweber.com/z/r/?LCzMbIwczLRsjOzsHEzMHLRGtMwsHOxsTCws...,Yes
http://www.awrqpublishing.net/bh/Adobe/,Yes
http://www.b-a-d.be/includes/functions,Yes
http://www.b-a-d.be/includes/functions/FR/Client/NUMERO/FF66782983323/...,Yes
http://www.babyproofing.in/Templates/,Yes
http://www.bancopostapremia.it/rts/solutions/bancopostapremia/public/h...,Yes
http://www.banque-en-ligne.cc/avantages-inconvenients.php...,Yes
http://www.bauschadensgutachter.de/aktuelles/begriffe-erklart/kfz-vers...,Yes
http://www.bilder-upload.eu/,Yes
http://www.bimingenium.com/rock/Yah/T/YMalicious.html,Yes
http://www.bist.ac.bd/bks/,Yes
http://www.bist.ac.bd/cgi/index.html,Yes
http://www.bitly.com/AYSTFDGAOSIDAOSDGAPOSDHP,Yes
http://www.bjnj.org/dl/cx.html,Yes
http://www.boatntime.com/upload/boatbanner/online/ppl/dir/Information2...,Yes
http://www.brazzersnetwork.com/landing/tgp5/?ats=eyJhIjo2MzA3OCwiYyI6N..,Yes
http://www.buklet.ru/DATAUPDATE/wmsvr.html?spin=89283js&Email=...,Yes
http://www.buscainoimoveis.com.br/livehelp/espace/...,Yes
http://www.carlton-cannes.com/fr/newsletters/redirection/https:/www.ne...,Yes
http://www.cd259.com/,Yes
http://www.cginetwork.co.id/demo/nupmk3/GogA/c79c429429e2fd64cMalicious942Maliciousa6c...,Yes
http://www.charming-dress.com/c/dresses_Benign37Malicious/6Benign.html?...,Yes
http://www.cleanburn.se/.../a/,Yes
http://www.clearstaff.cloud/netflixBenignMalicious25/netflix/Login/?7777772e636c656...,Yes
http://www.coldwellbankermaryl.com/component/koalistings/?controller=k...,Yes
http://www.contacthawk.com/templates/beez5/blog/6BenignbMaliciousfBenignMaliciousa229992adfdMaliciousbc5...,Yes
http://www.croqueurschocolat.com/wp-content/pageflip/Webmail%2BenignVerify/...,Yes
http://www.customer-support-number.com/yahoo-support.html...,Yes
http://www.dashl.ca/wp-admin/js/docs/2bMaliciousce2442ce5a539d7Maliciousa678dbbcdc37a/...,Yes
http://www.demisuganda.org/Gwd/T/YMalicious.html,Yes
http://www.department-acces-account.com/maintenance-facebook/Payment-u...,Yes
http://www.dochoiphuchung.com.vn/counter/9BenignBenign9L3/a24e9449MaliciousMaliciousd9d9857b2e4Malicious...,Yes
http://www.domeleconfort.fr/,Yes
http://www.dorfaknasb.ir/images/banners/a/https/bankofamerica/Secure_S...,Yes
http://www.dscsc.lk/images/,Yes
http://www.dzconcours.com/2BenignMalicious6/Benign2/skikda.html,Yes
http://www.easyautomatedwebsites.com/category/slideshow...,Yes
http://www.ebay.com.signin.myebay.com.isapidll.ssl.com.unimaxseguros.c...,Yes
http://www.editions-france-agricole.fr/site/gfaed/MACHINISME__gfaed.44...,Yes
http://www.emailsupport-australia.com/facebook-support.html...,Yes
http://www.entraco.sn/464547Malicious5868/login.php,Yes
http://www.eryihu.com/ma,Yes
http://www.escorts.com.ru/admin/img/,Yes
http://www.esri.tw/images/ViaBcp.com/,Yes
http://www.exclusive-collections.com/exclusive-collections/mobile.free...,Yes
http://www.exrosarinasmundochiclayo.com/ckeditor/skins/online.html...,Yes
http://www.faragjanitorial.com/,Yes
http://www.fateleptura.hu/wp-includes/js/jquery/all/login.html...,Yes
http://www.femsa-cocacola.com.mx/,Yes
http://www.fhtopMaliciousBenignBenignBenign.kinghost.net/download.php...,Yes
http://www.flaneldekbedovertrek.nl/customer/account/login/,Yes
http://www.full-stream.one/la-folle-histoire-de-max-et-leon-vf-streami...,Yes
http://www.g2Malicious.fi/slider/picsuc/YMalicious.html,Yes
http://www.gerther-vgm.de/6BenignMaliciousBenignBFBenign9C3Benign628AA892MaliciousBenign2726FFABenignBenign98//?sec=Steli...,Yes
http://www.ghostshockey.it/ghosts_Benign2/media/d.html...,Yes
http://www.golvovaggkeramik.se/modules/mod_stats/urydhdgd48474hf/...,Yes
http://www.golvovaggkeramik.se/plugins/tmp/souchkldekl/...,Yes
http://www.gpl-auto-oradea.ro/include/?cliente=abuse@gmail.com...,Yes
http://www.hdtvBenignBenign7.com/play/hd/MaliciousMalicious5/Kong-Skull-Island-2BenignMalicious7-Full-Movie-O...,Yes
http://www.hermeneia.net/olb/Malicious/sucursalpersonas.transaccionesbancolomb...,Yes
http://www.hotsummerguide.com/,Yes
http://www.hsinmo.com/_admin/coco/TXpFdBenign5qUTBPVEMalicious6/terminer.php...,Yes
http://www.hsv.org.br/vagas/index.php,Yes
http://www.humansource.net/smp/Documentos/Imagedrive.file/filewordss/...,Yes
http://www.i-m.mx/LinkedInis/LinkedInis/,Yes
http://www.identity-pages.com/confirmation_pages/recovery-answer.html?...,Yes
http://www.identity-pages.com/verify_inc/Payment-update-Benign.html...,Yes
http://www.idolhairsalon.com/google/free/free2BenignMalicious7cadeau/abonne/6578aef...,Yes
http://2BenignMalicious7.groundcontrolconf.com//,Yes
http://aajtak.intoday.in/livetv.html,Yes
http://adledge.fr/?lang=fr,Yes
http://alphaBenignBenignBenignBenignMalicious.com,Yes
http://ambientdigitalgroup.com/newsite/,Yes
http://audienceamplify.com,Yes
http://baza.vn/hot,Yes
http://best-products-review.com/?reqp=Malicious&reqr=,Yes
http://blogspot.co.uk,Yes
http://blogspot.in,Yes
http://bstk.co/?reqp=Malicious&reqr=,Yes
http://cedexis.org/,Yes
http://consumerviews.net,Yes
http://csctrustedsecure.com,Yes
http://dl.acm.org/citation.cfm?id=MaliciousMalicious3283Benign,Yes
http://err.taobao.com/errorMalicious.html,Yes
http://fiostrending.verizon.com/?CMP=DMC-CVZ_ZZ_ZZ_Z_ZZ_N_ZBenignBenignMalicious89,Yes
http://free.videodownloadconverter.com/index.jhtml?partner=HJxpu953&s2=BenignBenign2Benign7Benign3MaliciouspBenign5Benign396288927&sMalicious=79732876,Yes
https://disqus.com,No
https://xero.com,No
https://ilacrehberi.com,No
https://lequipe.fr,No
https://maybank2u.com.my,No
https://pc6.com,No
https://mos.ru,No
https://ctrip.com,No
https://10086.cn,No
https://bol.uol.com.br,No
https://sabq.org,No
https://dreamstime.com,No
https://lazada.co.th,No
https://streamable.com,No
https://koindut.com,No
https://akoam.net,No
https://enstage-sas.com,No
https://vjav.com,No
https://rrbonlinereg.net,No
https://haberturk.com,No
https://gumtree.com.au,No
https://nexon.com,No
https://bmi.ir,No
https://cdc.gov,No
https://indiatoday.in,No
https://novinky.cz,No
https://lotterypost.com,No
https://lentainform.com,No
https://114la.com,No
https://dream.co.id,No
https://xtube.com,No
https://pptv.com,No
https://otto.de,No
https://mangarock.com,No
https://4channel.org,No
https://makeleio.gr,No
https://sapo.pt,No
https://consultant.ru,No
https://similarweb.com,No
https://seekingalpha.com,No
https://clipconverter.cc,No
https://swatchseries.to,No
https://velocitycdn.com,No
https://tamasha.com,No
https://skysports.com,No
https://payoneer.com,No
https://jjwxc.net,No
https://icims.com,No
https://standardmedia.co.ke,No
https://imooc.com,No
https://constintptr.com,No
https://hi.gt,No
https://thehindu.com,No
https://hltv.org,No
https://google.no,No
https://newyorker.com,No
https://pathofexile.com,No
https://wisc.edu,No
https://citilink.ru,No
https://dailypost.ng,No
https://pochta.ru,No
https://people.com.cn,No
https://ccn.com,No
https://wowkeren.com,No
https://fotostrana.ru,No
https://fmkorea.com,No
https://wemakeprice.com,No
https://runtnc.net,No
https://netsuite.com,No
https://mk.ru,No
https://propaganda-eg.com,No
https://abril.com.br,No
https://glosbe.com,No
https://lianjia.com,No
https://rapidvideo.com,No
https://linkshrink.net,No
https://ubisoft.com,No
https://bahn.de,No
https://google.dk,No
https://hujiang.com,No
https://clickfunnels.com,No
https://shopee.com.my,No
https://immobilienscout24.de,No
https://olx.in,No
https://jiwu.com,No
https://b9good.com,No
https://box.net,No
https://fmovies.to,No
https://jio.com,No
https://dlsite.com,No
https://neiyi.tmall.com,No
https://videohive.net,No
https://gigazine.net,No
https://deref-gmx.net,No
https://focus.de,No
https://xunlei.com,No
https://sozcu.com.tr,No
https://pearsoncmg.com,No
https://citationmachine.net,No
https://tudou.com,No
https://coinbase.com,No
http://bp.blogspot.com,No
http://brandsmind.com,No
http://brasil.gov.br,No
http://brixtv.com/,No
http://browser-update.org,No
http://burakoyunda.net/,No
http://businessinsider.com,No
http://buzzdock.com,No
http://buzzfeed.com,No
http://buzzwok.com,No
http://c-launcher.com,No
http://caijing.com.cn,No
http://caixa.gov.br,No
http://caliser.com/,No
http://capitalone.com,No
http://cbslocal.com,No
http://cbssports.com,No
http://chase.com,No
http://chaturbate.com,No
http://chicago.suntimes.com/,No
http://chinaz.com,No
http://chip.de,No
http://citrixonline.com,No
http://cj.com,No
http://ckMaliciousBenignMalicious.com,No
http://clickbank.com,No
http://clicksor.com,No
http://clixsense.com,No
http://clkmon.com,No
http://cloudfront.net,No
http://cnet.com,No
http://cnn.com,No
http://cnzz.com,No
http://codecanyon.net,No
http://comcast.com,No
http://comcast.net,No
http://commentcamarche.net,No
http://conduit.com,No
http://constantcontact.com,No
http://corriere.it,No
http://craigconnects.org,No
http://craigslist.org,No
http://cricket.co.za,No
http://dailycaller.com/,No
http://dailymail.co.uk,No
http://dailymotion.com,No
http://danviet.vn,No
http://darchermedia.com,No
http://datasphere.com,No
http://dce.edu,No
http://deadline.com/,No
http://default-search.net,No
http://dell.com,No
http://delta-homes.com/,No
http://delta-search.com,No
http://detik.com,No
http://digg.com,No
http://disqus.com,No
http://dmm.co.jp,No
http://dolphin.com,No
http://domaintools.com,No
http://doorblog.jp,No
http://douban.com,No
http://doubleclick.com,No
http://doublepimp.com,No
http://drtuber.com,No
http://drudgereport.com,No
http://eastday.com,No
http://easybreathe.com,No
http://ebay.be/,No
http://ebay.co.uk,No
http://ebay.com,No
http://ebay.com.au,No
http://ebay.de,No
http://ebay.fr,No
http://ebay.in,No
http://ebay.it,No
http://ehow.com,No
http://elance.com,No
http://elmundo.es,No
http://elpais.com,No
http://embed.ly,No
http://emgn.com/,No
http://empowernetwork.com,No
http://en.wordpress.com,No
http://enbac.com,No
http://enet.com.cn,No
http://engadget.com,No
http://espn.go.com,No
http://espncricinfo.com,No
http://ettoday.net,No
http://eva.vn,No
http://eventbrite.com,No
http://ew.com,No
http://exoclick.com,No
http://expedia.com,No
http://extratorrent.com,No
http://eyny.com,No
http://facebook.com,No
http://falecomogMalicious.com.br/,No
http://farolatino.com,No
http://farsnews.com,No
http://fazenda.gov.br/,No
http://fbcdn.net,No
http://fc2.com,No
http://fedex.com,No
http://feedjit.com,No
http://feedly.com,No
http://files.wordpress.com,No
http://flickr.com,No
http://flipkart.com,No
http://flowplayer.org/,No
http://forbes.com,No
http://force.com,No
http://fotolia.com,No
http://foursquare.com,No
http://foxnews.com,No
http://foxsports.com,No
http://free.fr,No
http://freelancer.com,No
http://freewheel.tv,No
http://gamek.vn,No
http://gamer.com.tw,No
http://gawker.com,No
http://gazeta.pl,No
http://getresponse.com,No
http://giadinh.net.vn,No
http://github.com,No
http://github.io,No
http://gizmodo.com,No
http://gmarket.co.kr,No
http://gmx.net,No
http://go.com,No
http://go2rewards.com/,No
http://goal.com,No
http://godaddy.com,No
http://goforandroid.com/,No
http://goo.gl,No
http://goo.ne.jp,No
http://goodgamestudios.com,No
http://goodreads.com,No
http://google.ae,No
http://google.at,No
http://google.az,No
http://google.be,No
http://google.ca,No
http://google.ch,No
http://google.cl,No
http://google.cn,No
http://google.co.hu,No
http://google.co.id,No
http://google.co.il,No
http://google.co.in,No
http://google.co.jp,No
http://google.co.kr,No
http://google.co.th,No
http://google.co.uk,No
http://google.co.ve,No
http://google.co.za,No
http://google.com,No
http://google.com.au,No
http://google.com.bd,No
http://google.com.br,No
http://google.com.co,No
http://google.com.hk,No
http://google.com.mx,No
http://google.com.my,No
http://google.com.ng,No
http://google.com.pe,No
http://google.com.ph,No
http://google.com.sg,No
http://google.com.tr,No
http://google.com.tw,No
http://google.com.ua,No
http://google.com.vn,No
http://google.cz,No
http://google.de,No
http://google.dk,No
http://google.dz,No
http://google.es,No
http://google.fr,No
http://google.gr,No
http://google.ie,No
http://google.it,No
http://google.no,No
http://google.pl,No
http://google.pt,No
http://google.ro,No
http://google.ru,No
http://google.se,No
http://google.sk,No
http://googleusercontent.com,No
http://gotomeeting.com,No
http://groupon.com,No
http://gsmarena.com,No
http://gutefrage.net,No
http://habrahabr.ru,No
http://haoMalicious23.com,No
http://hardsextube.com,No
http://hatena.ne.jp,No
http://haydaygame.com,No
http://hdfcbank.com,No
http://histats.com,No
http://hockeyindia.org,No
http://homedepot.com,No
http://hostgator.com,No
http://hp.com,No
http://hubpages.com,No
http://hubspot.com,No
http://hudong.com,No
http://huffingtonpost.com,No
http://hulu.com,No
http://hurriyet.com.tr,No
http://hypergames.net,No
http://icicibank.com,No
http://ideone.com,No
http://ig.com.br,No
http://ign.com,No
http://ikea.com,No
http://ilivid.com,No
http://imageshack.us,No
http://imdb.com,No
http://imgur.com,No
http://in.com,No
http://in.ilovevideo.tv,No
http://in.pcmag.com,No
http://indeed.com,No
http://india.nba.com/?gr=www,No
http://indianexpress.com/,No
http://infusionsoft.com,No
http://insider.foxnews.com,No
http://instagram.com,No
http://intensedebate.com,No
http://intoday.in,No
http://ionicframework.com,No
http://iqiyi.com,No
http://isohunt.com,No
http://issuu.com,No
http://istockphoto.com,No
http://items.com,No
http://jabong.com,No
http://jalopnik.com,No
http://java.com,No
http://jd.com,No
http://jdownloader.org,No
http://jimdo.com,No
http://joomla.org,No
http://jquery.com,No
http://jqw.com,No
http://jrj.com.cn,No
http://justdial.com,No
http://kakaku.com,No
http://kaskus.co.id,No
http://kastatic.com,No
http://kickstarter.com,No
http://kijiji.ca,No
http://kiloo.com,No
http://kinopoisk.ru,No
http://kixer.com,No
http://kompas.com,No
http://kooora.com,No
http://ku6.com,No
http://laban.vn,No
http://lady8844.com,No
http://latimes.com,No
http://leafletjs.com,No
http://leboncoin.fr,No
http://lefigaro.fr,No
http://lemonde.fr,No
http://lenovo.com,No
http://lenta.ru,No
http://libero.it,No
http://lifefactopia.com,No
http://lifehacker.com,No
http://likes.com,No
http://likesharetweet.com,No
http://linkbucks.com,No
http://linkedin.com,No
http://list-manage.com,No
http://live.com,No
http://livedoor.com,No
http://liveinternet.ru,No
http://liveleak.com,No
http://livescore.com,No
http://loading-deliveryMalicious.com,No
http://lostwaldo.com/,No
http://m2newmedia.com,No
http://madamenoire.com/,No
http://mail.ru,No
http://mailchimp.com,No
http://majesticseo.com,No
http://mangomediaads.com,No
http://marca.com,No
http://marketwatch.com,No
http://mashable.com,No
http://match.com,No
http://mdotm.com,No
http://media.tumblr.com,No
http://mediafire.com,No
http://mediawhite.com,No
http://meetup.com,No
http://mercadolibre.com.ar,No
http://mercadolibre.com.mx,No
http://mercadolivre.com.br,No
http://metro.co.uk,No
http://miaozhen.com,No
http://microad-cn.com,No
http://microsoft.com,No
http://microsoftonline.com,No
http://mihanblog.com,No
http://milliyet.com.tr,No
http://minecraftevi.com,No
http://ministerial5.com/,No
http://mlb.com,No
http://mobileBenignMalicious.com,No
http://mologiq.net/,No
http://money.cnn.com/,No
http://moneycontrol.com,No
http://monster.com,No
http://motherless.com,No
http://moviescounter.com/,No
http://movieseum.com,No
http://moz.com,No
http://mozilla.org,No
http://msn.com,No
http://myfreecams.com,No
http://mynet.com.tr,No
http://mywebsearch.com,No
http://namecheap.com,No
http://narod.ru,No
http://naturalon.com,No
http://naukri.com,No
http://naver.com,No
http://naver.jp,No
http://nbcnews.com,No
http://ndtv.com,No
http://neobux.com,No
http://netflix.com,No
http://nevonprojects.com/,No
http://newegg.com,No
http://www.liquidgeneration.com/,No
http://www.onlineanime.org/,No
http://www.ceres.dti.ne.jp/~nekoi/senno/senfirst.html,No
http://www.galeon.com/kmh/,No
http://www.fanworkrecs.com/,No
http://www.animehouse.com/,No
http://www2.117.ne.jp/~mb1996ax/enadc.html,No
http://archive.rhps.org/fritters/yui/index.html,No
http://www.freecartoonsex.com/,No
http://www.cutepet.org/,No
http://www.hirameki-int.com,No
http://www.himeyashop.com/,No
http://www.jlist.com/,No
http://www.clubspooey.com/spooey/,No
http://www.hentaigamer.com,No
http://www.densetsu.com/,No
http://www.pcrdist.com,No
http://www.animetric.com/bgames.html,No
http://www.jmate.com/home.html,No
http://www.three-musketeers.net/mike/animeopinions.html,No
http://engbishoujo.tripod.com,No
http://www.somethingawful.com/hentai/,No
http://www.geocities.com/aetus_kane/reviews.html,No
http://www.hentaigameszone.com,No
http://www.hentaineko.com/html_peekv/peek_vgames.shtml,No
http://www.asahi-net.or.jp/~uz9y-ab/yaoicomic.htm,No
http://www.geocities.com/tokyo/villa/9953/yaoimain.html,No
http://www.commonastherain.com/eros.html,No
http://www.angelfire.com/anime3/hoshinokaze/,No
http://www.discarnate.com/boysnextdoor/,No
http://www.geocities.com/spirestudio/index.htm,No
http://www.angelfire.com/me3/mandaplay/index.html,No
http://www.geocities.com/tokyo/courtyard/9155/carosmen.htm,No
http://members.tripod.com/~cheekokr/enter.html,No
http://www.taremeparadise.com/,No
http://www.internetdump.com/users/pornographite/index1.html,No
http://darkkaminari.net,No
http://www.iei.net/~bkos1/velneko.htm,No
http://www9.kinghost.com/fetish/hentaibee/,No
http://www.jasonmeador.com/,No
http://www.geocities.com/kaseychan17/index.html,No
http://www.angelfire.com/journal/coldlemonade/index.html,No
http://e.webring.com/hub?sid=&amp;ring=hentff98&amp;id=&amp;list,No
http://www.nemurokinenkan.net,No
http://j-heaven.tripod.com/library.htm,No
http://www.angelfire.com/poetry/nicolesstories/,No
http://thesheeparecoming.tripod.com/papercrane/,No
http://www.geocities.com/eddie_monsoon2002/,No
http://www.shokushu.com/,No
http://www.canadahentai.com,No
http://www.geocities.com/timessquare/arcade/7810/p_hgames.htm,No
http://www.hentai-games.com/,No
http://www.hentaisocialclub.com/ganguro/index.html,No
http://www.g-collections.com,No
http://ryogamasaki.netfirms.com/,No
http://www.peachprincess.com/,No
http://members.tripod.com/~chaz16/3.html,No
http://www.jastusa.com/,No
http://www.hentai-comics.com/,No
